,id,first_section_prob
0,dairy,0.2866388027504382
1,drinks,0.15356613185924228
2,fruit,0.3780504247000135
3,spices,0.18174464069030605
